Rating,Company Name,Job Title,Salary,Salaries Reported,Location,Employment Status,Job Roles
3.8,Sasken,Android Developer,400000,3,Bangalore,Full Time,Android
4.5,Advanced Millennium Technologies,Android Developer,400000,3,Bangalore,Full Time,Android
4,Unacademy,Android Developer,1000000,3,Bangalore,Full Time,Android
3.8,SnapBizz Cloudtech,Android Developer,300000,3,Bangalore,Full Time,Android
4.4,Appoids Tech Solutions,Android Developer,600000,3,Bangalore,Full Time,Android
4.2,Freelancer,Android Developer,100000,3,Bangalore,Full Time,Android
3.7,SQUARE N CUBE,Android Developer,192000,3,Bangalore,Full Time,Android
3.1,Samsung R&D Institute India - Bangalore,Android Developer,400000,3,Bangalore,Full Time,Android
3.7,DXMinds Technologies,Android Developer,300000,3,Bangalore,Full Time,Android
3.6,Endeavour Software Technologies,Android Developer,600000,3,Bangalore,Full Time,Android
3.6,Craft Silicon,Android Developer,300000,3,Bangalore,Full Time,Android
3.9,Baronford & Associates,Android Developer,240000,2,Bangalore,Full Time,Android
3.7,Wibmo,Android Developer,900000,2,Bangalore,Full Time,Android
4.8,Retail Pulse,Android Developer - Intern,24000,2,Bangalore,Intern,Android
3.9,Bookmyshow,Android Developer,600000,2,Bangalore,Full Time,Android
3.9,Knowledge Flex,Android Developer,228000,2,Bangalore,Full Time,Android
3.6,Novopay Solutions,Android Developer,600000,2,Bangalore,Full Time,Android
3.7,WealthEngine,Android Developer,360000,2,Bangalore,Full Time,Android
4,J.P. Morgan,Android Developer,1000000,2,Bangalore,Full Time,Android
3.6,Acviss,Android Developer,500000,2,Bangalore,Full Time,Android
4.1,Fresher,Android Developer,408000,2,Bangalore,Full Time,Android
4.2,MedOnGo,Android Developer,300000,2,Bangalore,Full Time,Android
4,Nuclei,Android Developer,800000,2,Bangalore,Full Time,Android
4.4,eSecForte Technologies,Android Developer,228000,2,Bangalore,Full Time,Android
4.3,Moveinsync Technology Solutions,Android Developer,100000,2,Bangalore,Full Time,Android
3.6,Tech Mahindra,Android Developer,500000,2,Bangalore,Full Time,Android
4,ThiDiff Technologies,Android Developer,200000,2,Bangalore,Full Time,Android
4.9,Retranz Infolabs,Android Developer,500000,2,Bangalore,Full Time,Android
4,FicusLot,Android Developer,228000,2,Bangalore,Full Time,Android
3.7,KrazyBee,Android Developer,708000,2,Bangalore,Full Time,Android
5,powerplay app,Android Developer - Intern,396000,2,Bangalore,Intern,Android
4.2,Dcoder,Android Developer,700000,2,Bangalore,Full Time,Android
4.6,Masai School,Android Developer,500000,2,Bangalore,Full Time,Android
3.9,Integra Micro Software Services (P),Android Developer,500000,2,Bangalore,Full Time,Android
3.3,DocsApp,Android Developer,900000,2,Bangalore,Full Time,Android
5,Vispara Technosoft,Android Developer,200000,2,Bangalore,Full Time,Android
4.3,Vmoksha Technologies,Android Developer,228000,2,Bangalore,Full Time,Android
2.9,Artoo,Android Developer,400000,2,Bangalore,Full Time,Android
3.8,Edelweiss Financial Services,Android Developer,600000,2,Bangalore,Full Time,Android
4,Hubbler,Android Developer,400000,2,Bangalore,Full Time,Android
3.5,L&T Technology Services,Android Developer,500000,2,Bangalore,Full Time,Android
3,Rossitek Mobile Apps Development,Android Developer,216000,2,Bangalore,Full Time,Android
1,Pricyfy,Android Developer,216000,2,Bangalore,Full Time,Android
2.9,MYNEWCAR,Android Developer,300000,2,Bangalore,Full Time,Android
4.1,IBM,Android Developer,540000,2,Bangalore,Full Time,Android
3.7,Panel Coder Software Technologies,Android Developer,400000,2,Bangalore,Full Time,Android
3.9,Knitter,Android Developer,500000,2,Bangalore,Full Time,Android
3.8,3Embed Software Technologies,Android Developer,400000,2,Bangalore,Full Time,Android
